STATE/UT,CRIME HEAD,2001,2002,2003,2004,2005,2006,2007,2008,2009,2010,2011,2012
Andhra Pradesh,RAPE,871,1002,946,1016,935,1049,1070,1257,1188,1362,1442,1341
Arunachal Pradesh,RAPE,33,38,31,42,35,37,48,42,59,47,42,46
Assam,RAPE,817,970,1095,1171,1238,1244,1437,1438,1631,1721,1700,1716
Bihar,RAPE,888,1040,985,1390,1147,1232,1555,1302,929,795,934,927
Chhattisgarh,RAPE,959,992,898,969,990,995,982,978,976,1012,1053,1034
Goa,RAPE,12,12,31,37,20,21,20,30,47,36,29,55
Gujarat,RAPE,286,267,236,339,324,354,316,374,433,408,439,473
Haryana,RAPE,398,361,353,386,461,608,488,631,603,720,733,668
Himachal Pradesh,RAPE,124,137,126,153,141,113,159,157,183,160,168,183
Jammu & Kashmir,RAPE,169,192,211,218,201,250,288,219,237,245,277,303
Jharkhand,RAPE,567,797,712,797,753,799,855,791,719,773,784,812
Karnataka,RAPE,293,292,321,291,343,400,436,446,509,586,636,621
Kerala,RAPE,562,499,394,480,478,601,512,568,568,634,1132,1019
Madhya Pradesh,RAPE,2851,2891,2738,2875,2921,2900,3010,2937,2998,3135,3406,3425
Maharashtra,RAPE,1302,1352,1268,1388,1545,1500,1451,1558,1483,1599,1701,1839
Manipur,RAPE,20,14,18,31,25,40,20,38,31,34,53,63
Meghalaya,RAPE,26,38,40,54,63,74,82,88,112,149,130,164
Mizoram,RAPE,52,76,54,20,37,72,83,77,83,92,77,103
Nagaland,RAPE,17,17,14,18,17,23,13,19,22,16,23,21
Odisha,RAPE,790,691,725,770,799,985,939,1113,1023,1025,1112,1458
Punjab,RAPE,298,299,380,390,398,442,519,517,511,546,479,680
Rajasthan,RAPE,1049,1051,1050,1038,993,1085,1238,1355,1519,1571,1800,2049
Sikkim,RAPE,8,6,10,3,18,20,24,20,18,18,16,34
Tamil Nadu,RAPE,423,534,557,618,571,457,523,573,596,686,677,737
Tripura,RAPE,102,108,114,160,162,189,157,204,190,238,205,229
Uttar Pradesh,RAPE,1958,1415,911,1397,1217,1314,1648,1871,1759,1563,2042,1963
Uttarakhand,RAPE,74,89,107,115,133,147,117,87,111,121,129,148
West Bengal,RAPE,709,759,1002,1475,1686,1731,2106,2263,2336,2311,2363,2046
A&N Islands,RAPE,3,2,2,10,4,6,3,12,18,24,13,12
Chandigarh,RAPE,18,18,18,19,33,19,22,20,29,31,27,27
D&N Haveli,RAPE,6,4,1,7,5,6,7,6,4,3,4,3
Daman & Diu,RAPE,0,0,5,1,2,3,1,0,1,1,1,5
Delhi UT,RAPE,381,403,490,551,658,623,598,466,469,507,572,706
Lakshadweep,RAPE,0,1,2,0,0,0,1,2,1,0,0,0
Puducherry,RAPE,9,6,2,4,6,9,9,8,1,3,7,13
All India,RAPE,16075,16373,15847,18233,18359,19348,20737,21467,21397,22172,24206,24923
Andhra Pradesh,KIDNAPPING & ABDUCTION,765,854,931,1030,995,1329,1564,1396,1526,1531,1612,1403
Arunachal Pradesh,KIDNAPPING & ABDUCTION,55,38,51,41,39,51,44,47,28,46,60,58
Assam,KIDNAPPING & ABDUCTION,1070,1276,1351,1552,1456,1544,1471,1789,2092,2767,3192,3360
Bihar,KIDNAPPING & ABDUCTION,518,744,674,997,929,1084,1260,1789,1986,2569,3050,3789
Chhattisgarh,KIDNAPPING & ABDUCTION,171,154,149,174,184,178,181,216,229,279,365,350
Goa,KIDNAPPING & ABDUCTION,6,5,13,10,12,10,7,28,22,18,17,16
Gujarat,KIDNAPPING & ABDUCTION,857,807,859,905,916,945,1089,1119,1162,1290,1442,1527
Haryana,KIDNAPPING & ABDUCTION,297,290,271,292,344,431,554,644,659,714,733,900
Himachal Pradesh,KIDNAPPING & ABDUCTION,105,116,96,99,102,109,150,137,122,162,191,152
Jammu & Kashmir,KIDNAPPING & ABDUCTION,504,596,615,632,658,723,707,656,825,840,1023,1041
Jharkhand,KIDNAPPING & ABDUCTION,279,178,262,178,283,410,534,499,517,696,660,786
Karnataka,KIDNAPPING & ABDUCTION,271,300,244,286,312,328,390,405,408,586,715,1070
Kerala,KIDNAPPING & ABDUCTION,97,91,102,142,129,202,177,166,173,184,221,214
Madhya Pradesh,KIDNAPPING & ABDUCTION,668,639,608,584,604,617,701,736,841,1030,1088,1127
Maharashtra,KIDNAPPING & ABDUCTION,611,650,626,787,851,921,967,998,926,1124,1252,1140
Manipur,KIDNAPPING & ABDUCTION,62,82,71,71,69,79,83,87,97,107,116,133
Meghalaya,KIDNAPPING & ABDUCTION,11,10,10,18,19,25,22,25,26,37,37,24
Mizoram,KIDNAPPING & ABDUCTION,1,2,2,0,0,1,0,1,0,0,0,3
Nagaland,KIDNAPPING & ABDUCTION,6,4,3,4,9,3,6,7,10,6,3,10
Odisha,KIDNAPPING & ABDUCTION,434,432,373,423,547,577,660,762,799,912,1008,1364
Punjab,KIDNAPPING & ABDUCTION,324,354,295,311,329,418,545,514,513,576,517,689
Rajasthan,KIDNAPPING & ABDUCTION,2165,2019,1750,1881,1549,1553,1694,1863,2310,2477,2713,2697
Sikkim,KIDNAPPING & ABDUCTION,2,2,0,4,2,7,9,4,6,6,10,10
Tamil Nadu,KIDNAPPING & ABDUCTION,607,714,632,692,783,718,1097,1160,1133,1464,1743,1693
Tripura,KIDNAPPING & ABDUCTION,35,48,29,54,43,62,81,110,92,91,116,114
Uttar Pradesh,KIDNAPPING & ABDUCTION,2879,2298,1499,2324,2256,2551,3363,4439,5078,5468,7525,7910
Uttarakhand,KIDNAPPING & ABDUCTION,126,155,134,127,125,183,227,222,247,249,283,256
West Bengal,KIDNAPPING & ABDUCTION,695,694,801,1018,1039,1199,1590,1907,2187,2764,3711,4168
A&N Islands,KIDNAPPING & ABDUCTION,2,1,2,3,1,5,9,13,14,8,12,7
Chandigarh,KIDNAPPING & ABDUCTION,50,47,28,43,45,57,46,42,36,28,46,66
D&N Haveli,KIDNAPPING & ABDUCTION,2,5,4,7,9,14,6,11,9,10,8,9
Daman & Diu,KIDNAPPING & ABDUCTION,3,2,1,0,2,1,1,1,0,2,2,0
Delhi UT,KIDNAPPING & ABDUCTION,964,893,797,881,1106,1066,1167,1136,1655,1740,2085,2160
Lakshadweep,KIDNAPPING & ABDUCTION,0,0,0,0,0,0,0,1,0,0,0,0
Puducherry,KIDNAPPING & ABDUCTION,3,6,13,8,3,13,14,9,13,14,9,16
ALL INDIA K&A,KIDNAPPING & ABDUCTION,14645,14506,13296,15578,15750,17414,20416,22939,25741,29795,35565,38262
Andhra Pradesh,DOWRY DEATH,420,449,466,512,443,519,613,556,546,588,599,504
Arunachal Pradesh,DOWRY DEATH,0,0,0,0,0,1,0,0,0,0,0,1
Assam,DOWRY DEATH,59,70,60,74,99,105,100,103,170,175,121,140
Bihar,DOWRY DEATH,859,927,909,1029,1014,1188,1172,1210,1295,1257,1413,1275
Chhattisgarh,DOWRY DEATH,70,85,79,71,100,103,100,106,128,115,104,81
Goa,DOWRY DEATH,2,2,2,2,2,0,2,2,3,1,1,0
Gujarat,DOWRY DEATH,67,62,54,58,48,50,42,27,24,19,30,21
Haryana,DOWRY DEATH,285,256,222,251,212,255,269,302,281,284,255,258
Himachal Pradesh,DOWRY DEATH,10,6,6,8,2,3,8,3,1,2,4,2
Jammu & Kashmir,DOWRY DEATH,13,18,10,9,5,10,9,21,12,9,11,8
Jharkhand,DOWRY DEATH,217,275,262,275,257,281,303,266,295,276,282,302
Karnataka,DOWRY DEATH,220,233,194,259,261,244,251,259,264,248,267,218
Kerala,DOWRY DEATH,27,17,33,31,21,25,27,31,20,22,15,32
Madhya Pradesh,DOWRY DEATH,609,674,648,751,739,764,742,805,858,892,811,743
Maharashtra,DOWRY DEATH,308,303,368,314,341,387,436,390,341,393,339,329
Manipur,DOWRY DEATH,0,0,0,0,0,0,0,1,0,0,1,0
Meghalaya,DOWRY DEATH,0,0,0,2,1,6,2,2,0,0,1,1
Mizoram,DOWRY DEATH,0,0,0,0,4,0,0,0,0,0,0,0
Nagaland,DOWRY DEATH,0,0,0,0,0,0,0,0,0,0,0,0
Odisha,DOWRY DEATH,294,248,279,319,334,457,461,401,384,388,465,525
Punjab,DOWRY DEATH,159,166,110,113,99,130,133,128,126,121,143,118
Rajasthan,DOWRY DEATH,376,399,389,379,361,394,439,439,436,462,514,478
Sikkim,DOWRY DEATH,0,0,0,0,0,0,0,0,0,1,0,1
Tamil Nadu,DOWRY DEATH,191,243,220,225,215,187,208,207,194,165,152,110
Tripura,DOWRY DEATH,16,16,20,20,34,35,36,16,29,25,30,37
Uttar Pradesh,DOWRY DEATH,2211,1893,1322,1708,1564,1798,2076,2237,2232,2217,2322,2244
Uttarakhand,DOWRY DEATH,56,66,93,82,63,80,70,73,94,75,83,71
West Bengal,DOWRY DEATH,265,273,329,396,446,445,451,451,506,507,510,593
A&N Islands,DOWRY DEATH,0,0,0,0,0,0,1,2,1,0,0,2
Chandigarh,DOWRY DEATH,3,1,1,6,3,10,1,3,2,5,2,5
D&N Haveli,DOWRY DEATH,0,0,0,0,0,1,0,0,0,0,0,0
Daman & Diu,DOWRY DEATH,0,0,1,0,1,0,1,0,0,0,0,0
Delhi UT,DOWRY DEATH,113,135,130,126,114,137,138,129,141,143,142,134
Lakshadweep,DOWRY DEATH,0,0,0,0,0,0,0,0,0,0,0,0
Puducherry,DOWRY DEATH,1,5,1,6,4,3,2,2,0,1,1,0
ALL INDIA ,DOWRY DEATH,6851,6822,6208,7026,6787,7618,8093,8172,8383,8391,8618,8233
Andhra Pradesh,ASSAULT ON WOMEN WITH INTENT TO OUTRAGE HER MODESTY,3544,3799,4128,3817,3595,4534,4406,4730,5147,4634,4849,4816
Arunachal Pradesh,ASSAULT ON WOMEN WITH INTENT TO OUTRAGE HER MODESTY,78,68,43,61,67,63,72,72,58,84,51,67
Assam,ASSAULT ON WOMEN WITH INTENT TO OUTRAGE HER MODESTY,850,984,878,883,899,1290,789,1272,1342,1400,1193,1840
Bihar,ASSAULT ON WOMEN WITH INTENT TO OUTRAGE HER MODESTY,562,621,688,704,451,530,853,999,726,534,790,118
Chhattisgarh,ASSAULT ON WOMEN WITH INTENT TO OUTRAGE HER MODESTY,1763,1483,1481,1661,1450,1598,1549,1621,1598,1706,1654,1601
Goa,ASSAULT ON WOMEN WITH INTENT TO OUTRAGE HER MODESTY,17,18,19,23,30,18,20,32,37,36,29,49
Gujarat,ASSAULT ON WOMEN WITH INTENT TO OUTRAGE HER MODESTY,756,750,722,757,802,736,822,828,727,668,685,745
Haryana,ASSAULT ON WOMEN WITH INTENT TO OUTRAGE HER MODESTY,478,454,344,403,380,486,417,435,451,476,474,525
Himachal Pradesh,ASSAULT ON WOMEN WITH INTENT TO OUTRAGE HER MODESTY,310,326,250,284,286,275,322,295,318,350,331,250
Jammu & Kashmir,ASSAULT ON WOMEN WITH INTENT TO OUTRAGE HER MODESTY,622,785,875,990,830,960,986,935,972,1038,1194,1322
Jharkhand,ASSAULT ON WOMEN WITH INTENT TO OUTRAGE HER MODESTY,297,411,424,411,293,414,342,271,276,245,317,284
Karnataka,ASSAULT ON WOMEN WITH INTENT TO OUTRAGE HER MODESTY,1665,1648,1585,1435,1585,1683,1828,1954,2186,2544,2608,2978
Kerala,ASSAULT ON WOMEN WITH INTENT TO OUTRAGE HER MODESTY,1942,2123,1947,2260,2339,2543,2624,2745,2540,2936,3756,3735
Madhya Pradesh,ASSAULT ON WOMEN WITH INTENT TO OUTRAGE HER MODESTY,7063,7118,6848,6690,6426,6243,6772,6445,6307,6646,6665,6655
Maharashtra,ASSAULT ON WOMEN WITH INTENT TO OUTRAGE HER MODESTY,2823,2686,2661,2831,3228,3479,3306,3619,3196,3661,3794,3935
Manipur,ASSAULT ON WOMEN WITH INTENT TO OUTRAGE HER MODESTY,21,58,44,30,25,42,70,57,39,31,38,49
Meghalaya,ASSAULT ON WOMEN WITH INTENT TO OUTRAGE HER MODESTY,25,23,13,34,44,57,45,54,72,48,74,43
Mizoram,ASSAULT ON WOMEN WITH INTENT TO OUTRAGE HER MODESTY,52,73,88,66,49,51,66,78,61,75,72,85
Nagaland,ASSAULT ON WOMEN WITH INTENT TO OUTRAGE HER MODESTY,6,1,4,3,7,3,8,15,11,13,9,16
Odisha,ASSAULT ON WOMEN WITH INTENT TO OUTRAGE HER MODESTY,1655,1605,1669,1811,2238,2415,2775,2782,2697,2905,3207,4187
Punjab,ASSAULT ON WOMEN WITH INTENT TO OUTRAGE HER MODESTY,372,341,346,261,308,314,427,388,319,349,282,340
Rajasthan,ASSAULT ON WOMEN WITH INTENT TO OUTRAGE HER MODESTY,2878,2730,2715,2825,2503,2582,2477,2520,2485,2339,2447,2352
Sikkim,ASSAULT ON WOMEN WITH INTENT TO OUTRAGE HER MODESTY,0,17,25,40,38,14,13,19,10,11,24,19
Tamil Nadu,ASSAULT ON WOMEN WITH INTENT TO OUTRAGE HER MODESTY,1773,1877,2022,1861,1764,1179,1540,1705,1242,1405,1467,1494
Tripura,ASSAULT ON WOMEN WITH INTENT TO OUTRAGE HER MODESTY,58,128,127,134,161,207,244,346,384,376,294,314
Uttar Pradesh,ASSAULT ON WOMEN WITH INTENT TO OUTRAGE HER MODESTY,2870,2145,1098,1900,1835,2096,2522,2955,2782,2793,3455,3247
Uttarakhand,ASSAULT ON WOMEN WITH INTENT TO OUTRAGE HER MODESTY,103,145,136,143,100,153,146,120,119,125,116,139
West Bengal,ASSAULT ON WOMEN WITH INTENT TO OUTRAGE HER MODESTY,954,964,1186,1566,1572,1837,2281,2396,1942,2465,2363,3345
A&N Islands,ASSAULT ON WOMEN WITH INTENT TO OUTRAGE HER MODESTY,19,17,9,6,11,14,21,24,30,31,15,17
Chandigarh,ASSAULT ON WOMEN WITH INTENT TO OUTRAGE HER MODESTY,24,36,11,20,31,20,32,19,26,29,21,45
D&N Haveli,ASSAULT ON WOMEN WITH INTENT TO OUTRAGE HER MODESTY,7,3,4,5,5,5,0,4,2,11,2,2
Daman & Diu,ASSAULT ON WOMEN WITH INTENT TO OUTRAGE HER MODESTY,0,0,3,1,1,2,0,2,4,2,0,0
Delhi UT,ASSAULT ON WOMEN WITH INTENT TO OUTRAGE HER MODESTY,502,446,489,601,762,718,868,611,552,601,657,727
Lakshadweep,ASSAULT ON WOMEN WITH INTENT TO OUTRAGE HER MODESTY,0,1,1,0,0,0,2,0,0,0,0,1
Puducherry,ASSAULT ON WOMEN WITH INTENT TO OUTRAGE HER MODESTY,35,59,56,50,60,56,89,65,53,46,35,9
All India,ASSAULT ON WOMEN WITH INTENT TO OUTRAGE HER MODESTY,34124,33943,32939,34567,34175,36617,38734,40413,38711,40613,42968,45351
Andhra Pradesh,INSULT TO THE MODESTY OF WOMEN,2271,2024,2286,2310,2508,2411,3316,3551,3520,4562,3658,3714
Arunachal Pradesh,INSULT TO THE MODESTY OF WOMEN,3,2,0,0,0,2,1,1,6,1,0,2
Assam,INSULT TO THE MODESTY OF WOMEN,4,7,6,11,19,10,10,2,10,20,8,5
Bihar,INSULT TO THE MODESTY OF WOMEN,21,6,11,13,13,53,12,21,12,16,11,37
Chhattisgarh,INSULT TO THE MODESTY OF WOMEN,161,147,105,131,132,143,111,125,152,182,174,162
Goa,INSULT TO THE MODESTY OF WOMEN,7,6,7,15,8,7,7,12,10,16,12,16
Gujarat,INSULT TO THE MODESTY OF WOMEN,111,104,92,164,104,138,120,122,114,110,93,93
Haryana,INSULT TO THE MODESTY OF WOMEN,401,1424,1302,850,597,491,409,605,605,580,490,434
Himachal Pradesh,INSULT TO THE MODESTY OF WOMEN,14,12,18,16,29,31,33,41,37,78,62,68
Jammu & Kashmir,INSULT TO THE MODESTY OF WOMEN,288,368,376,264,371,347,353,296,371,262,350,347
Jharkhand,INSULT TO THE MODESTY OF WOMEN,5,3,2,3,36,44,15,23,83,16,7,10
Karnataka,INSULT TO THE MODESTY OF WOMEN,81,100,84,57,71,38,28,44,64,83,81,100
Kerala,INSULT TO THE MODESTY OF WOMEN,81,102,68,133,175,222,262,258,395,537,573,498
Madhya Pradesh,INSULT TO THE MODESTY OF WOMEN,751,783,705,804,792,762,780,758,728,918,762,774
Maharashtra,INSULT TO THE MODESTY OF WOMEN,1120,769,682,862,919,984,1039,1091,1099,1180,1071,1294
Manipur,INSULT TO THE MODESTY OF WOMEN,0,0,0,0,0,0,0,0,2,0,0,1
Meghalaya,INSULT TO THE MODESTY OF WOMEN,0,0,1,0,0,0,1,4,1,0,1,0
Mizoram,INSULT TO THE MODESTY OF WOMEN,0,0,0,0,4,0,0,0,1,0,1,0
Nagaland,INSULT TO THE MODESTY OF WOMEN,0,0,2,1,0,2,1,1,0,3,0,0
Odisha,INSULT TO THE MODESTY OF WOMEN,458,188,188,170,184,247,241,282,210,232,235,304
Punjab,INSULT TO THE MODESTY OF WOMEN,47,145,199,38,43,60,48,49,33,38,31,31
Rajasthan,INSULT TO THE MODESTY OF WOMEN,56,44,33,41,28,31,28,19,24,23,9,18
Sikkim,INSULT TO THE MODESTY OF WOMEN,14,0,0,0,0,0,0,0,0,0,0,0
Tamil Nadu,INSULT TO THE MODESTY OF WOMEN,1012,1718,881,1081,665,852,875,974,501,638,464,382
Tripura,INSULT TO THE MODESTY OF WOMEN,0,0,0,0,1,0,4,4,5,9,9,7
Uttar Pradesh,INSULT TO THE MODESTY OF WOMEN,2575,1887,4970,2682,2881,2714,2882,3374,2524,11,3,8
Uttarakhand,INSULT TO THE MODESTY OF WOMEN,84,97,98,110,89,113,63,306,249,165,72,73
West Bengal,INSULT TO THE MODESTY OF WOMEN,48,34,71,64,54,63,99,94,108,163,200,556
A&N Islands,INSULT TO THE MODESTY OF WOMEN,1,3,2,3,1,4,2,3,7,10,3,4
Chandigarh,INSULT TO THE MODESTY OF WOMEN,15,28,4,18,9,13,11,2,2,4,12,25
D&N Haveli,INSULT TO THE MODESTY OF WOMEN,0,0,0,0,0,1,0,0,1,2,0,0
Daman & Diu,INSULT TO THE MODESTY OF WOMEN,0,0,0,0,0,0,0,1,1,0,0,0
Delhi UT,INSULT TO THE MODESTY OF WOMEN,90,128,105,130,225,144,167,130,118,80,162,208
Lakshadweep,INSULT TO THE MODESTY OF WOMEN,0,0,0,0,0,0,0,0,0,0,0,0
Puducherry,INSULT TO THE MODESTY OF WOMEN,27,26,27,30,26,39,32,21,16,22,16,2
All India,INSULT TO THE MODESTY OF WOMEN,9746,10155,12325,10001,9984,9966,10950,12214,11009,9961,8570,9173
Andhra Pradesh,CRUELTY BY HUSBAND OR RELATIVES,5791,7018,8167,8388,8696,9164,11335,10306,11297,12080,13376,13389
Arunachal Pradesh,CRUELTY BY HUSBAND OR RELATIVES,11,13,14,4,9,14,20,13,13,12,18,26
Assam,CRUELTY BY HUSBAND OR RELATIVES,1248,1694,1808,1945,2206,2548,3000,3478,4398,5410,5246,6407
Bihar,CRUELTY BY HUSBAND OR RELATIVES,1558,1577,1880,2679,1574,1689,1635,1992,2532,2271,2607,3686
Chhattisgarh,CRUELTY BY HUSBAND OR RELATIVES,840,653,601,741,732,717,824,897,893,861,834,980
Goa,CRUELTY BY HUSBAND OR RELATIVES,11,8,24,17,11,14,14,12,21,17,18,24
Gujarat,CRUELTY BY HUSBAND OR RELATIVES,3667,3321,3684,3955,4090,4977,5827,6094,5506,5600,6052,6658
Haryana,CRUELTY BY HUSBAND OR RELATIVES,1513,1565,1618,2026,2075,2254,2412,2435,2617,2720,2740,3137
Himachal Pradesh,CRUELTY BY HUSBAND OR RELATIVES,317,234,221,252,228,259,342,343,284,275,239,251
Jammu & Kashmir,CRUELTY BY HUSBAND OR RELATIVES,50,54,71,82,76,135,176,162,196,211,286,301
Jharkhand,CRUELTY BY HUSBAND OR RELATIVES,484,588,559,588,590,668,801,851,710,650,659,1261
Karnataka,CRUELTY BY HUSBAND OR RELATIVES,1755,1826,1704,1588,1883,2129,2507,2638,3185,3441,3712,3684
Kerala,CRUELTY BY HUSBAND OR RELATIVES,2561,2836,2930,3222,3283,3708,3999,4138,4007,4797,5377,5216
Madhya Pradesh,CRUELTY BY HUSBAND OR RELATIVES,2562,3117,2938,3436,2989,2989,3294,3185,3983,3756,3732,3988
Maharashtra,CRUELTY BY HUSBAND OR RELATIVES,6090,5353,5452,5646,6233,6738,7356,7829,7681,7434,7136,7415
Manipur,CRUELTY BY HUSBAND OR RELATIVES,5,10,4,2,20,10,15,28,25,18,39,43
Meghalaya,CRUELTY BY HUSBAND OR RELATIVES,4,0,4,5,3,13,19,32,24,24,21,16
Mizoram,CRUELTY BY HUSBAND OR RELATIVES,16,3,3,0,0,1,2,5,4,3,9,8
Nagaland,CRUELTY BY HUSBAND OR RELATIVES,0,0,0,0,0,3,0,4,0,1,1,0
Odisha,CRUELTY BY HUSBAND OR RELATIVES,1266,1167,1289,1192,1671,694,728,1618,2047,2067,2320,2638
Punjab,CRUELTY BY HUSBAND OR RELATIVES,1128,944,987,801,729,801,971,984,1061,1163,1136,1293
Rajasthan,CRUELTY BY HUSBAND OR RELATIVES,5532,5691,5733,6781,5997,7038,8170,8113,10371,11145,12218,13312
Sikkim,CRUELTY BY HUSBAND OR RELATIVES,0,3,1,1,4,6,7,5,6,3,4,4
Tamil Nadu,CRUELTY BY HUSBAND OR RELATIVES,815,1052,1555,1437,1650,1248,1976,1648,1460,1570,1812,1965
Tripura,CRUELTY BY HUSBAND OR RELATIVES,227,236,247,302,439,471,545,735,815,937,702,858
Uttar Pradesh,CRUELTY BY HUSBAND OR RELATIVES,7365,5679,2626,4950,4505,5204,7650,8312,8566,7978,7121,7661
Uttarakhand,CRUELTY BY HUSBAND OR RELATIVES,301,316,317,405,272,358,463,340,361,334,307,368
West Bengal,CRUELTY BY HUSBAND OR RELATIVES,3859,4069,4948,6334,6936,7414,9900,13663,16112,17796,19772,19865
A&N Islands,CRUELTY BY HUSBAND OR RELATIVES,9,4,7,5,5,7,18,26,21,9,5,5
Chandigarh,CRUELTY BY HUSBAND OR RELATIVES,36,56,93,73,75,102,112,49,51,41,46,73
D&N Haveli,CRUELTY BY HUSBAND OR RELATIVES,4,3,2,3,5,5,3,4,3,3,3,0
Daman & Diu,CRUELTY BY HUSBAND OR RELATIVES,4,3,0,4,3,2,3,5,3,3,2,3
Delhi UT,CRUELTY BY HUSBAND OR RELATIVES,138,135,1211,1254,1324,1728,1787,1387,1283,1404,1575,1985
Lakshadweep,CRUELTY BY HUSBAND OR RELATIVES,0,0,1,1,0,1,2,1,0,0,0,1
Puducherry,CRUELTY BY HUSBAND OR RELATIVES,3,9,4,2,6,19,17,12,10,7,10,6
All India,CRUELTY BY HUSBAND OR RELATIVES,49170,49237,50703,58121,58319,63128,75930,81344,89546,94041,99135,106527
Andhra Pradesh,IMMORAL TRAFFIC(PREVENTION)ACT,1332,871,349,405,681,657,612,357,279,548,497,472
Arunachal Pradesh,IMMORAL TRAFFIC(PREVENTION)ACT,0,0,0,0,0,0,0,0,0,0,0,1
Assam,IMMORAL TRAFFIC(PREVENTION)ACT,6,24,22,28,25,29,21,27,37,25,21,30
Bihar,IMMORAL TRAFFIC(PREVENTION)ACT,29,10,9,24,28,13,27,39,40,24,23,35
Chhattisgarh,IMMORAL TRAFFIC(PREVENTION)ACT,12,12,7,9,6,13,14,4,9,12,15,5
Goa,IMMORAL TRAFFIC(PREVENTION)ACT,28,25,25,28,38,26,10,14,23,16,18,40
Gujarat,IMMORAL TRAFFIC(PREVENTION)ACT,61,57,74,33,59,78,44,52,41,46,46,44
Haryana,IMMORAL TRAFFIC(PREVENTION)ACT,21,32,57,62,85,85,88,77,90,57,57,69
Himachal Pradesh,IMMORAL TRAFFIC(PREVENTION)ACT,1,2,5,4,4,0,0,1,5,1,2,6
Jammu & Kashmir,IMMORAL TRAFFIC(PREVENTION)ACT,7,3,2,11,3,5,1,4,6,4,2,3
Jharkhand,IMMORAL TRAFFIC(PREVENTION)ACT,3,3,6,3,13,11,14,8,1,13,15,12
Karnataka,IMMORAL TRAFFIC(PREVENTION)ACT,1356,1388,1361,1170,1241,786,612,516,329,242,351,335
Kerala,IMMORAL TRAFFIC(PREVENTION)ACT,132,132,159,168,225,189,201,187,314,309,197,210
Madhya Pradesh,IMMORAL TRAFFIC(PREVENTION)ACT,15,14,33,23,19,12,19,10,19,19,24,13
Maharashtra,IMMORAL TRAFFIC(PREVENTION)ACT,233,182,179,309,222,378,322,327,271,306,390,366
Manipur,IMMORAL TRAFFIC(PREVENTION)ACT,4,6,0,0,1,0,0,0,0,0,0,15
Meghalaya,IMMORAL TRAFFIC(PREVENTION)ACT,0,0,1,0,1,1,1,3,1,3,2,7
Mizoram,IMMORAL TRAFFIC(PREVENTION)ACT,2,0,0,5,1,0,0,1,1,0,8,0
Nagaland,IMMORAL TRAFFIC(PREVENTION)ACT,1,4,1,4,4,9,4,1,3,2,2,4
Odisha,IMMORAL TRAFFIC(PREVENTION)ACT,24,24,11,22,29,44,40,29,14,25,23,24
Punjab,IMMORAL TRAFFIC(PREVENTION)ACT,32,38,54,32,58,67,45,43,59,59,50,86
Rajasthan,IMMORAL TRAFFIC(PREVENTION)ACT,68,55,51,79,115,143,91,72,62,82,81,99
Sikkim,IMMORAL TRAFFIC(PREVENTION)ACT,0,0,1,1,0,0,2,0,1,3,1,0
Tamil Nadu,IMMORAL TRAFFIC(PREVENTION)ACT,5232,3530,2839,3022,2777,1732,1199,687,716,567,420,500
Tripura,IMMORAL TRAFFIC(PREVENTION)ACT,0,0,0,0,0,0,0,0,0,1,2,0
Uttar Pradesh,IMMORAL TRAFFIC(PREVENTION)ACT,26,42,47,44,31,70,49,57,39,23,43,31
Uttarakhand,IMMORAL TRAFFIC(PREVENTION)ACT,0,0,0,4,2,3,9,3,6,4,3,12
West Bengal,IMMORAL TRAFFIC(PREVENTION)ACT,31,42,152,121,74,66,62,62,63,56,96,109
A&N Islands,IMMORAL TRAFFIC(PREVENTION)ACT,0,0,0,0,0,0,1,0,1,3,3,2
Chandigarh,IMMORAL TRAFFIC(PREVENTION)ACT,3,3,4,9,9,3,5,7,4,3,1,0
D&N Haveli,IMMORAL TRAFFIC(PREVENTION)ACT,0,0,2,0,0,0,2,3,0,1,1,2
Daman & Diu,IMMORAL TRAFFIC(PREVENTION)ACT,3,3,0,1,1,1,5,6,4,6,6,3
Delhi UT,IMMORAL TRAFFIC(PREVENTION)ACT,95,69,46,123,151,112,63,60,27,28,33,24
Lakshadweep,IMMORAL TRAFFIC(PREVENTION)ACT,0,0,0,0,0,0,0,0,0,0,0,0
Puducherry,IMMORAL TRAFFIC(PREVENTION)ACT,39,27,13,4,5,8,5,3,9,11,3,4
All India,IMMORAL TRAFFIC(PREVENTION)ACT,8796,6598,5510,5748,5908,4541,3568,2660,2474,2499,2436,2563
Andhra Pradesh,INDECENT REPRESENTATION OF WOMEN(PREVENTION)ACT,925,2403,909,1102,2657,1347,1005,889,704,753,314,21
Arunachal Pradesh,INDECENT REPRESENTATION OF WOMEN(PREVENTION)ACT,0,0,0,0,0,0,0,0,0,0,0,0
Assam,INDECENT REPRESENTATION OF WOMEN(PREVENTION)ACT,10,3,0,0,0,0,0,2,0,0,1,3
Bihar,INDECENT REPRESENTATION OF WOMEN(PREVENTION)ACT,3,1,1,0,0,0,0,0,0,0,0,5
Chhattisgarh,INDECENT REPRESENTATION OF WOMEN(PREVENTION)ACT,0,0,0,0,0,0,0,0,1,1,0,1
Goa,INDECENT REPRESENTATION OF WOMEN(PREVENTION)ACT,0,0,0,0,0,0,0,0,1,0,3,0
Gujarat,INDECENT REPRESENTATION OF WOMEN(PREVENTION)ACT,0,4,14,0,0,0,0,0,0,0,0,0
Haryana,INDECENT REPRESENTATION OF WOMEN(PREVENTION)ACT,0,0,0,0,0,0,0,0,0,0,0,2
Himachal Pradesh,INDECENT REPRESENTATION OF WOMEN(PREVENTION)ACT,0,0,0,2,0,0,0,0,0,0,0,0
Jammu & Kashmir,INDECENT REPRESENTATION OF WOMEN(PREVENTION)ACT,0,0,0,0,0,0,0,0,2,0,0,0
Jharkhand,INDECENT REPRESENTATION OF WOMEN(PREVENTION)ACT,0,0,0,0,2,2,0,0,0,6,0,0
Karnataka,INDECENT REPRESENTATION OF WOMEN(PREVENTION)ACT,0,0,0,0,0,0,0,0,1,0,2,0
Kerala,INDECENT REPRESENTATION OF WOMEN(PREVENTION)ACT,42,26,16,45,108,59,26,19,24,37,12,3
Madhya Pradesh,INDECENT REPRESENTATION OF WOMEN(PREVENTION)ACT,0,0,0,0,0,2,0,0,1,0,0,0
Maharashtra,INDECENT REPRESENTATION OF WOMEN(PREVENTION)ACT,9,4,8,11,8,9,2,1,1,0,1,2
Manipur,INDECENT REPRESENTATION OF WOMEN(PREVENTION)ACT,0,0,0,0,0,0,0,0,0,0,0,0
Meghalaya,INDECENT REPRESENTATION OF WOMEN(PREVENTION)ACT,0,0,0,0,0,0,0,0,0,0,0,0
Mizoram,INDECENT REPRESENTATION OF WOMEN(PREVENTION)ACT,0,0,0,0,0,0,0,0,0,0,0,0
Nagaland,INDECENT REPRESENTATION OF WOMEN(PREVENTION)ACT,0,0,0,0,0,0,0,0,0,0,0,0
Odisha,INDECENT REPRESENTATION OF WOMEN(PREVENTION)ACT,0,0,0,0,1,0,0,0,0,0,1,1
Punjab,INDECENT REPRESENTATION OF WOMEN(PREVENTION)ACT,1,8,1,2,0,1,0,0,0,0,0,0
Rajasthan,INDECENT REPRESENTATION OF WOMEN(PREVENTION)ACT,46,54,87,89,109,102,131,107,106,80,102,62
Sikkim,INDECENT REPRESENTATION OF WOMEN(PREVENTION)ACT,0,0,0,0,0,0,0,0,0,0,0,0
Tamil Nadu,INDECENT REPRESENTATION OF WOMEN(PREVENTION)ACT,11,5,6,102,30,35,25,4,2,14,10,34
Tripura,INDECENT REPRESENTATION OF WOMEN(PREVENTION)ACT,0,0,0,0,0,0,0,0,0,0,0,0
Uttar Pradesh,INDECENT REPRESENTATION OF WOMEN(PREVENTION)ACT,3,0,0,0,0,0,0,0,0,1,4,0
Uttarakhand,INDECENT REPRESENTATION OF WOMEN(PREVENTION)ACT,0,0,0,0,0,0,0,0,0,0,0,0
West Bengal,INDECENT REPRESENTATION OF WOMEN(PREVENTION)ACT,0,0,1,25,1,4,10,3,2,2,2,7
A&N Islands,INDECENT REPRESENTATION OF WOMEN(PREVENTION)ACT,0,0,0,0,0,0,0,0,0,0,0,0
Chandigarh,INDECENT REPRESENTATION OF WOMEN(PREVENTION)ACT,1,0,0,0,0,0,1,0,0,0,0,0
D&N Haveli,INDECENT REPRESENTATION OF WOMEN(PREVENTION)ACT,0,0,0,0,0,0,0,0,0,0,0,0
Daman & Diu,INDECENT REPRESENTATION OF WOMEN(PREVENTION)ACT,0,0,0,0,0,0,0,0,0,0,0,0
Delhi UT,INDECENT REPRESENTATION OF WOMEN(PREVENTION)ACT,1,0,0,0,1,1,0,0,0,0,1,0
Lakshadweep,INDECENT REPRESENTATION OF WOMEN(PREVENTION)ACT,0,0,0,0,0,0,0,0,0,1,0,0
Puducherry,INDECENT REPRESENTATION OF WOMEN(PREVENTION)ACT,0,0,0,0,0,0,0,0,0,0,0,0
All India,INDECENT REPRESENTATION OF WOMEN(PREVENTION)ACT,1052,2508,1043,1378,2917,1562,1200,1025,845,895,453,141
Andhra Pradesh,TOTAL CRIMES AGAINST WOMEN,16477,18880,18382,18921,20819,21484,24738,24111,25569,27244,28246,28171
Arunachal Pradesh,TOTAL CRIMES AGAINST WOMEN,180,159,139,148,150,168,185,175,164,190,171,201
Assam,TOTAL CRIMES AGAINST WOMEN,4243,5092,5312,5700,6027,6801,6844,8122,9721,11555,11503,13544
Bihar,TOTAL CRIMES AGAINST WOMEN,5356,5743,5900,8091,6019,6740,7548,8662,8803,8471,10231,11229
Chhattisgarh,TOTAL CRIMES AGAINST WOMEN,3989,3538,3336,3763,3599,3757,3775,3962,4002,4176,4219,4228
Goa,TOTAL CRIMES AGAINST WOMEN,83,76,121,132,121,96,80,130,164,140,127,200
Gujarat,TOTAL CRIMES AGAINST WOMEN,5805,5373,5735,6211,6343,7279,8260,8616,8009,8148,8815,9561
Haryana,TOTAL CRIMES AGAINST WOMEN,3393,4385,4170,4276,4161,4617,4645,5142,5312,5562,5491,6002
Himachal Pradesh,TOTAL CRIMES AGAINST WOMEN,890,838,729,823,793,792,1018,979,954,1028,997,912
Jammu & Kashmir,TOTAL CRIMES AGAINST WOMEN,1656,2016,2164,2208,2144,2432,2521,2295,2624,2611,3146,3328
Jharkhand,TOTAL CRIMES AGAINST WOMEN,2229,2490,2488,2490,2544,2979,3317,3183,3021,3087,3132,4536
Karnataka,TOTAL CRIMES AGAINST WOMEN,6002,6170,5834,5423,6057,6084,6569,6891,7852,8807,9594,10366
Kerala,TOTAL CRIMES AGAINST WOMEN,5450,5829,5653,6483,6762,7554,7837,8117,8049,9463,11288,10930
Madhya Pradesh,TOTAL CRIMES AGAINST WOMEN,14549,15260,14547,15203,14529,14321,15370,14908,15827,16468,16599,16832
Maharashtra,TOTAL CRIMES AGAINST WOMEN,12524,11322,11273,12169,13370,14452,14924,15862,15048,15737,15728,16353
Manipur,TOTAL CRIMES AGAINST WOMEN,112,170,137,134,140,171,188,211,194,190,247,304
Meghalaya,TOTAL CRIMES AGAINST WOMEN,66,71,69,113,131,176,172,208,237,261,269,255
Mizoram,TOTAL CRIMES AGAINST WOMEN,126,154,147,91,95,125,151,162,150,170,167,199
Nagaland,TOTAL CRIMES AGAINST WOMEN,30,26,25,30,37,43,32,47,46,41,38,51
Odisha,TOTAL CRIMES AGAINST WOMEN,5357,4779,4946,5239,6249,6825,7304,8303,8120,8501,9433,11988
Punjab,TOTAL CRIMES AGAINST WOMEN,2361,2295,2375,1955,1969,2242,2694,2627,2631,2853,2641,3238
Rajasthan,TOTAL CRIMES AGAINST WOMEN,12175,12049,11812,13127,11657,12934,14270,14491,17316,18182,19888,21106
Sikkim,TOTAL CRIMES AGAINST WOMEN,24,28,37,49,62,47,55,48,41,42,55,68
Tamil Nadu,TOTAL CRIMES AGAINST WOMEN,10111,9798,8888,9332,8648,6489,7811,7220,6051,6708,6940,7192
Tripura,TOTAL CRIMES AGAINST WOMEN,438,536,537,670,840,964,1067,1416,1517,1678,1358,1559
Uttar Pradesh,TOTAL CRIMES AGAINST WOMEN,20227,15647,12840,15485,14875,16375,20993,23569,23254,20169,22639,23569
Uttarakhand,TOTAL CRIMES AGAINST WOMEN,749,870,886,988,786,1038,1097,1151,1188,1074,996,1067
West Bengal,TOTAL CRIMES AGAINST WOMEN,6570,6842,8508,11047,11887,12785,16544,20912,23307,26125,29133,30942
A&N Islands,TOTAL CRIMES AGAINST WOMEN,34,27,22,27,22,36,56,80,92,85,51,49
Chandigarh,TOTAL CRIMES AGAINST WOMEN,150,189,159,188,205,224,230,143,150,141,156,241
D&N Haveli,TOTAL CRIMES AGAINST WOMEN,19,15,13,22,24,32,18,28,20,30,18,16
Daman & Diu,TOTAL CRIMES AGAINST WOMEN,10,8,10,7,10,9,11,15,13,14,11,11
Delhi UT,TOTAL CRIMES AGAINST WOMEN,2291,2216,3282,3677,4351,4544,4804,3938,4251,4518,5234,5959
Lakshadweep,TOTAL CRIMES AGAINST WOMEN,0,2,4,1,0,1,5,4,1,1,0,2
Puducherry,TOTAL CRIMES AGAINST WOMEN,119,141,121,110,127,149,179,129,106,115,89,61
TOTAL Crime against Women,TOTAL CRIMES AGAINST WOMEN,143795,143034,140601,154333,155553,164765,185312,195857,203804,213585,228650,244270
